Contig	CDS
contig_1	LCEDHOCC_00001
contig_1	LCEDHOCC_00002
contig_1	LCEDHOCC_00003
contig_1	LCEDHOCC_00004
contig_1	LCEDHOCC_00005
contig_1	LCEDHOCC_00006
contig_1	LCEDHOCC_00007
contig_1	LCEDHOCC_00008
contig_1	LCEDHOCC_00009
contig_1	LCEDHOCC_00010
contig_1	LCEDHOCC_00011
contig_1	LCEDHOCC_00012
contig_1	LCEDHOCC_00013
contig_1	LCEDHOCC_00015
contig_1	LCEDHOCC_00016
contig_1	LCEDHOCC_00017
contig_1	LCEDHOCC_00018
contig_2	LCEDHOCC_00019
contig_2	LCEDHOCC_00020
contig_2	LCEDHOCC_00021
contig_2	LCEDHOCC_00022
contig_2	LCEDHOCC_00023
contig_2	LCEDHOCC_00024
contig_2	LCEDHOCC_00025
contig_2	LCEDHOCC_00026
contig_2	LCEDHOCC_00027
contig_2	LCEDHOCC_00028
contig_2	LCEDHOCC_00029
contig_2	LCEDHOCC_00030
contig_3	LCEDHOCC_00031
contig_3	LCEDHOCC_00032
contig_3	LCEDHOCC_00033
contig_3	LCEDHOCC_00034
contig_3	LCEDHOCC_00035
contig_3	LCEDHOCC_00036
contig_3	LCEDHOCC_00037
contig_3	LCEDHOCC_00038
contig_3	LCEDHOCC_00039
contig_3	LCEDHOCC_00040
contig_3	LCEDHOCC_00041
contig_3	LCEDHOCC_00042
contig_3	LCEDHOCC_00043
contig_3	LCEDHOCC_00044
contig_3	LCEDHOCC_00045
contig_3	LCEDHOCC_00046
contig_4	LCEDHOCC_00047
contig_4	LCEDHOCC_00048
contig_4	LCEDHOCC_00049
contig_4	LCEDHOCC_00050
contig_4	LCEDHOCC_00051
contig_4	LCEDHOCC_00052
contig_4	LCEDHOCC_00053
contig_4	LCEDHOCC_00054
contig_4	LCEDHOCC_00055
contig_4	LCEDHOCC_00056
contig_4	LCEDHOCC_00057
contig_4	LCEDHOCC_00058
contig_4	LCEDHOCC_00059
contig_4	LCEDHOCC_00060
contig_4	LCEDHOCC_00061
contig_4	LCEDHOCC_00062
contig_4	LCEDHOCC_00063
contig_5	LCEDHOCC_00064
contig_5	LCEDHOCC_00065
contig_5	LCEDHOCC_00066
contig_5	LCEDHOCC_00067
contig_5	LCEDHOCC_00068
contig_5	LCEDHOCC_00069
contig_5	LCEDHOCC_00070
contig_5	LCEDHOCC_00071
contig_5	LCEDHOCC_00072
contig_5	LCEDHOCC_00073
contig_5	LCEDHOCC_00074
contig_6	LCEDHOCC_00075
contig_6	LCEDHOCC_00076
contig_6	LCEDHOCC_00077
contig_6	LCEDHOCC_00078
contig_6	LCEDHOCC_00079
contig_6	LCEDHOCC_00080
contig_6	LCEDHOCC_00081
contig_6	LCEDHOCC_00082
contig_6	LCEDHOCC_00083
contig_6	LCEDHOCC_00084
contig_6	LCEDHOCC_00085
contig_6	LCEDHOCC_00086
contig_7	LCEDHOCC_00087
contig_7	LCEDHOCC_00088
contig_7	LCEDHOCC_00089
contig_7	LCEDHOCC_00090
contig_7	LCEDHOCC_00091
contig_7	LCEDHOCC_00092
contig_7	LCEDHOCC_00093
contig_7	LCEDHOCC_00094
contig_7	LCEDHOCC_00095
contig_7	LCEDHOCC_00096
contig_7	LCEDHOCC_00097
contig_8	LCEDHOCC_00098
contig_8	LCEDHOCC_00099
contig_8	LCEDHOCC_00100
contig_8	LCEDHOCC_00101
contig_8	LCEDHOCC_00102
contig_8	LCEDHOCC_00103
contig_8	LCEDHOCC_00104
contig_8	LCEDHOCC_00105
contig_8	LCEDHOCC_00106
contig_8	LCEDHOCC_00107
contig_9	LCEDHOCC_00108
contig_9	LCEDHOCC_00109
contig_9	LCEDHOCC_00110
contig_9	LCEDHOCC_00111
contig_9	LCEDHOCC_00112
contig_9	LCEDHOCC_00113
contig_9	LCEDHOCC_00114
contig_9	LCEDHOCC_00115
contig_9	LCEDHOCC_00116
contig_9	LCEDHOCC_00117
contig_9	LCEDHOCC_00118
contig_9	LCEDHOCC_00119
contig_9	LCEDHOCC_00120
contig_9	LCEDHOCC_00121
contig_9	LCEDHOCC_00122
contig_9	LCEDHOCC_00123
contig_9	LCEDHOCC_00124
contig_9	LCEDHOCC_00125
contig_9	LCEDHOCC_00126
contig_9	LCEDHOCC_00127
contig_9	LCEDHOCC_00128
contig_9	LCEDHOCC_00129
contig_9	LCEDHOCC_00130
contig_9	LCEDHOCC_00131
contig_10	LCEDHOCC_00132
contig_10	LCEDHOCC_00133
contig_10	LCEDHOCC_00134
contig_10	LCEDHOCC_00135
contig_10	LCEDHOCC_00136
contig_10	LCEDHOCC_00137
contig_10	LCEDHOCC_00138
contig_10	LCEDHOCC_00139
contig_10	LCEDHOCC_00140
contig_11	LCEDHOCC_00141
contig_11	LCEDHOCC_00142
contig_11	LCEDHOCC_00143
contig_11	LCEDHOCC_00144
contig_11	LCEDHOCC_00145
contig_11	LCEDHOCC_00146
contig_11	LCEDHOCC_00147
contig_11	LCEDHOCC_00148
contig_11	LCEDHOCC_00150
contig_11	LCEDHOCC_00151
contig_11	LCEDHOCC_00152
contig_11	LCEDHOCC_00153
contig_12	LCEDHOCC_00154
contig_12	LCEDHOCC_00155
contig_12	LCEDHOCC_00156
contig_12	LCEDHOCC_00157
contig_12	LCEDHOCC_00158
contig_12	LCEDHOCC_00159
contig_12	LCEDHOCC_00160
contig_12	LCEDHOCC_00161
contig_13	LCEDHOCC_00162
contig_13	LCEDHOCC_00163
contig_13	LCEDHOCC_00164
contig_13	LCEDHOCC_00165
contig_13	LCEDHOCC_00166
contig_13	LCEDHOCC_00167
contig_13	LCEDHOCC_00168
contig_13	LCEDHOCC_00169
contig_13	LCEDHOCC_00170
contig_13	LCEDHOCC_00171
contig_13	LCEDHOCC_00172
contig_13	LCEDHOCC_00173
contig_13	LCEDHOCC_00174
contig_14	LCEDHOCC_00175
contig_14	LCEDHOCC_00176
contig_14	LCEDHOCC_00177
contig_14	LCEDHOCC_00178
contig_14	LCEDHOCC_00179
contig_15	LCEDHOCC_00180
contig_15	LCEDHOCC_00181
contig_15	LCEDHOCC_00182
contig_15	LCEDHOCC_00183
contig_15	LCEDHOCC_00184
contig_15	LCEDHOCC_00185
contig_15	LCEDHOCC_00186
contig_16	LCEDHOCC_00187
contig_16	LCEDHOCC_00188
contig_16	LCEDHOCC_00189
contig_16	LCEDHOCC_00190
contig_16	LCEDHOCC_00191
contig_16	LCEDHOCC_00192
contig_16	LCEDHOCC_00193
contig_16	LCEDHOCC_00194
contig_16	LCEDHOCC_00195
contig_17	LCEDHOCC_00196
contig_17	LCEDHOCC_00197
contig_17	LCEDHOCC_00198
contig_17	LCEDHOCC_00199
contig_17	LCEDHOCC_00200
contig_17	LCEDHOCC_00201
contig_18	LCEDHOCC_00202
contig_18	LCEDHOCC_00203
contig_18	LCEDHOCC_00204
contig_18	LCEDHOCC_00205
contig_18	LCEDHOCC_00206
contig_18	LCEDHOCC_00207
contig_18	LCEDHOCC_00208
contig_18	LCEDHOCC_00209
contig_19	LCEDHOCC_00210
contig_19	LCEDHOCC_00211
contig_19	LCEDHOCC_00212
contig_19	LCEDHOCC_00213
contig_19	LCEDHOCC_00214
contig_19	LCEDHOCC_00215
contig_19	LCEDHOCC_00216
contig_19	LCEDHOCC_00217
contig_19	LCEDHOCC_00218
contig_20	LCEDHOCC_00219
contig_20	LCEDHOCC_00220
contig_20	LCEDHOCC_00221
contig_20	LCEDHOCC_00222
contig_20	LCEDHOCC_00223
contig_20	LCEDHOCC_00224
contig_20	LCEDHOCC_00225
contig_20	LCEDHOCC_00226
contig_20	LCEDHOCC_00227
contig_21	LCEDHOCC_00228
contig_21	LCEDHOCC_00229
contig_21	LCEDHOCC_00230
contig_21	LCEDHOCC_00231
contig_21	LCEDHOCC_00232
contig_21	LCEDHOCC_00233
contig_21	LCEDHOCC_00234
contig_21	LCEDHOCC_00235
contig_21	LCEDHOCC_00236
contig_21	LCEDHOCC_00237
contig_21	LCEDHOCC_00238
contig_22	LCEDHOCC_00239
contig_22	LCEDHOCC_00240
contig_22	LCEDHOCC_00241
contig_22	LCEDHOCC_00242
contig_22	LCEDHOCC_00243
contig_22	LCEDHOCC_00244
contig_22	LCEDHOCC_00245
contig_22	LCEDHOCC_00246
contig_23	LCEDHOCC_00247
contig_23	LCEDHOCC_00248
contig_23	LCEDHOCC_00249
contig_23	LCEDHOCC_00250
contig_23	LCEDHOCC_00251
contig_23	LCEDHOCC_00252
contig_23	LCEDHOCC_00253
contig_23	LCEDHOCC_00254
contig_23	LCEDHOCC_00255
contig_23	LCEDHOCC_00256
contig_23	LCEDHOCC_00257
contig_24	LCEDHOCC_00259
contig_24	LCEDHOCC_00260
contig_24	LCEDHOCC_00261
contig_24	LCEDHOCC_00262
contig_24	LCEDHOCC_00263
contig_24	LCEDHOCC_00264
contig_24	LCEDHOCC_00265
contig_24	LCEDHOCC_00266
contig_24	LCEDHOCC_00267
contig_24	LCEDHOCC_00268
contig_25	LCEDHOCC_00269
contig_25	LCEDHOCC_00270
contig_25	LCEDHOCC_00271
contig_25	LCEDHOCC_00272
contig_25	LCEDHOCC_00273
contig_25	LCEDHOCC_00274
contig_25	LCEDHOCC_00275
contig_25	LCEDHOCC_00276
contig_25	LCEDHOCC_00277
contig_25	LCEDHOCC_00278
contig_25	LCEDHOCC_00279
contig_26	LCEDHOCC_00280
contig_26	LCEDHOCC_00281
contig_26	LCEDHOCC_00282
contig_26	LCEDHOCC_00283
contig_26	LCEDHOCC_00284
contig_26	LCEDHOCC_00285
contig_26	LCEDHOCC_00286
contig_26	LCEDHOCC_00287
contig_27	LCEDHOCC_00288
contig_27	LCEDHOCC_00289
contig_27	LCEDHOCC_00290
contig_27	LCEDHOCC_00291
contig_27	LCEDHOCC_00292
contig_28	LCEDHOCC_00293
contig_28	LCEDHOCC_00294
contig_28	LCEDHOCC_00295
contig_28	LCEDHOCC_00296
contig_28	LCEDHOCC_00297
contig_28	LCEDHOCC_00298
contig_28	LCEDHOCC_00299
contig_28	LCEDHOCC_00300
contig_29	LCEDHOCC_00304
contig_29	LCEDHOCC_00305
contig_29	LCEDHOCC_00306
contig_29	LCEDHOCC_00307
contig_29	LCEDHOCC_00308
contig_29	LCEDHOCC_00309
contig_29	LCEDHOCC_00310
contig_30	LCEDHOCC_00311
contig_30	LCEDHOCC_00312
contig_30	LCEDHOCC_00313
contig_30	LCEDHOCC_00314
contig_30	LCEDHOCC_00315
contig_30	LCEDHOCC_00316
contig_30	LCEDHOCC_00317
contig_31	LCEDHOCC_00319
contig_31	LCEDHOCC_00320
contig_31	LCEDHOCC_00321
contig_31	LCEDHOCC_00322
contig_31	LCEDHOCC_00323
contig_31	LCEDHOCC_00324
contig_31	LCEDHOCC_00325
contig_31	LCEDHOCC_00326
contig_31	LCEDHOCC_00327
contig_32	LCEDHOCC_00328
contig_32	LCEDHOCC_00329
contig_32	LCEDHOCC_00330
contig_32	LCEDHOCC_00331
contig_32	LCEDHOCC_00332
contig_33	LCEDHOCC_00333
contig_33	LCEDHOCC_00334
contig_33	LCEDHOCC_00335
contig_33	LCEDHOCC_00336
contig_33	LCEDHOCC_00337
contig_33	LCEDHOCC_00338
contig_33	LCEDHOCC_00339
contig_33	LCEDHOCC_00340
contig_34	LCEDHOCC_00341
contig_34	LCEDHOCC_00342
contig_34	LCEDHOCC_00343
contig_34	LCEDHOCC_00344
contig_34	LCEDHOCC_00345
contig_34	LCEDHOCC_00346
contig_34	LCEDHOCC_00347
contig_34	LCEDHOCC_00348
contig_35	LCEDHOCC_00349
contig_35	LCEDHOCC_00350
contig_35	LCEDHOCC_00351
contig_35	LCEDHOCC_00352
contig_36	LCEDHOCC_00353
contig_36	LCEDHOCC_00354
contig_36	LCEDHOCC_00355
contig_36	LCEDHOCC_00356
contig_36	LCEDHOCC_00357
contig_36	LCEDHOCC_00358
contig_36	LCEDHOCC_00359
contig_37	LCEDHOCC_00360
contig_37	LCEDHOCC_00361
contig_37	LCEDHOCC_00362
contig_37	LCEDHOCC_00363
contig_37	LCEDHOCC_00364
contig_37	LCEDHOCC_00365
contig_37	LCEDHOCC_00366
contig_37	LCEDHOCC_00367
contig_37	LCEDHOCC_00368
contig_37	LCEDHOCC_00369
contig_38	LCEDHOCC_00370
contig_38	LCEDHOCC_00371
contig_38	LCEDHOCC_00372
contig_38	LCEDHOCC_00373
contig_38	LCEDHOCC_00375
contig_38	LCEDHOCC_00376
contig_38	LCEDHOCC_00377
contig_38	LCEDHOCC_00378
contig_38	LCEDHOCC_00379
contig_39	LCEDHOCC_00380
contig_39	LCEDHOCC_00381
contig_39	LCEDHOCC_00382
contig_39	LCEDHOCC_00383
contig_39	LCEDHOCC_00384
contig_39	LCEDHOCC_00385
contig_39	LCEDHOCC_00386
contig_39	LCEDHOCC_00387
contig_40	LCEDHOCC_00389
contig_40	LCEDHOCC_00390
contig_40	LCEDHOCC_00391
contig_40	LCEDHOCC_00392
contig_40	LCEDHOCC_00393
contig_40	LCEDHOCC_00394
contig_40	LCEDHOCC_00395
contig_41	LCEDHOCC_00396
contig_41	LCEDHOCC_00397
contig_41	LCEDHOCC_00398
contig_41	LCEDHOCC_00399
contig_41	LCEDHOCC_00400
contig_41	LCEDHOCC_00401
contig_41	LCEDHOCC_00402
contig_41	LCEDHOCC_00403
contig_42	LCEDHOCC_00404
contig_42	LCEDHOCC_00405
contig_42	LCEDHOCC_00406
contig_42	LCEDHOCC_00409
contig_42	LCEDHOCC_00410
contig_42	LCEDHOCC_00411
contig_42	LCEDHOCC_00412
contig_43	LCEDHOCC_00413
contig_43	LCEDHOCC_00414
contig_43	LCEDHOCC_00415
contig_43	LCEDHOCC_00416
contig_43	LCEDHOCC_00417
contig_43	LCEDHOCC_00418
contig_43	LCEDHOCC_00419
contig_44	LCEDHOCC_00420
contig_44	LCEDHOCC_00421
contig_44	LCEDHOCC_00422
contig_44	LCEDHOCC_00423
contig_44	LCEDHOCC_00424
contig_44	LCEDHOCC_00425
contig_44	LCEDHOCC_00426
contig_45	LCEDHOCC_00427
contig_45	LCEDHOCC_00428
contig_45	LCEDHOCC_00429
contig_45	LCEDHOCC_00430
contig_45	LCEDHOCC_00431
contig_45	LCEDHOCC_00432
contig_45	LCEDHOCC_00433
contig_46	LCEDHOCC_00434
contig_46	LCEDHOCC_00435
contig_46	LCEDHOCC_00436
contig_46	LCEDHOCC_00437
contig_46	LCEDHOCC_00438
contig_47	LCEDHOCC_00439
contig_47	LCEDHOCC_00440
contig_47	LCEDHOCC_00442
contig_47	LCEDHOCC_00443
contig_47	LCEDHOCC_00444
contig_47	LCEDHOCC_00445
contig_47	LCEDHOCC_00446
contig_47	LCEDHOCC_00447
contig_47	LCEDHOCC_00448
contig_47	LCEDHOCC_00449
contig_48	LCEDHOCC_00450
contig_48	LCEDHOCC_00451
contig_48	LCEDHOCC_00452
contig_48	LCEDHOCC_00453
contig_48	LCEDHOCC_00454
contig_49	LCEDHOCC_00455
contig_49	LCEDHOCC_00456
contig_49	LCEDHOCC_00457
contig_49	LCEDHOCC_00458
contig_49	LCEDHOCC_00459
contig_49	LCEDHOCC_00460
contig_49	LCEDHOCC_00461
contig_49	LCEDHOCC_00462
contig_49	LCEDHOCC_00463
contig_49	LCEDHOCC_00464
contig_50	LCEDHOCC_00465
contig_50	LCEDHOCC_00467
contig_50	LCEDHOCC_00468
contig_50	LCEDHOCC_00469
contig_50	LCEDHOCC_00470
contig_50	LCEDHOCC_00471
contig_51	LCEDHOCC_00472
contig_51	LCEDHOCC_00473
contig_51	LCEDHOCC_00474
contig_51	LCEDHOCC_00475
contig_51	LCEDHOCC_00477
contig_51	LCEDHOCC_00478
contig_51	LCEDHOCC_00479
contig_51	LCEDHOCC_00480
contig_52	LCEDHOCC_00481
contig_52	LCEDHOCC_00482
contig_52	LCEDHOCC_00483
contig_52	LCEDHOCC_00484
contig_52	LCEDHOCC_00485
contig_52	LCEDHOCC_00486
contig_53	LCEDHOCC_00487
contig_53	LCEDHOCC_00488
contig_53	LCEDHOCC_00492
contig_54	LCEDHOCC_00493
contig_54	LCEDHOCC_00494
contig_54	LCEDHOCC_00495
contig_54	LCEDHOCC_00496
contig_54	LCEDHOCC_00497
contig_54	LCEDHOCC_00498
contig_54	LCEDHOCC_00499
contig_54	LCEDHOCC_00500
contig_54	LCEDHOCC_00501
contig_55	LCEDHOCC_00502
contig_55	LCEDHOCC_00503
contig_55	LCEDHOCC_00504
contig_55	LCEDHOCC_00505
contig_55	LCEDHOCC_00506
contig_56	LCEDHOCC_00507
contig_56	LCEDHOCC_00508
contig_56	LCEDHOCC_00509
contig_57	LCEDHOCC_00510
contig_57	LCEDHOCC_00511
contig_57	LCEDHOCC_00512
contig_57	LCEDHOCC_00513
contig_57	LCEDHOCC_00514
contig_57	LCEDHOCC_00515
contig_58	LCEDHOCC_00516
contig_58	LCEDHOCC_00517
contig_58	LCEDHOCC_00518
contig_58	LCEDHOCC_00519
contig_58	LCEDHOCC_00520
contig_58	LCEDHOCC_00521
contig_58	LCEDHOCC_00522
contig_58	LCEDHOCC_00523
contig_59	LCEDHOCC_00524
contig_59	LCEDHOCC_00525
contig_59	LCEDHOCC_00526
contig_59	LCEDHOCC_00527
contig_59	LCEDHOCC_00528
contig_59	LCEDHOCC_00529
contig_59	LCEDHOCC_00530
contig_59	LCEDHOCC_00531
contig_60	LCEDHOCC_00532
contig_60	LCEDHOCC_00533
contig_60	LCEDHOCC_00534
contig_60	LCEDHOCC_00535
contig_60	LCEDHOCC_00536
contig_61	LCEDHOCC_00537
contig_61	LCEDHOCC_00538
contig_61	LCEDHOCC_00539
contig_61	LCEDHOCC_00540
contig_61	LCEDHOCC_00541
contig_61	LCEDHOCC_00542
contig_62	LCEDHOCC_00543
contig_62	LCEDHOCC_00544
contig_62	LCEDHOCC_00545
contig_62	LCEDHOCC_00546
contig_62	LCEDHOCC_00547
contig_62	LCEDHOCC_00548
contig_62	LCEDHOCC_00549
contig_63	LCEDHOCC_00550
contig_63	LCEDHOCC_00551
contig_63	LCEDHOCC_00552
contig_63	LCEDHOCC_00553
contig_63	LCEDHOCC_00554
contig_64	LCEDHOCC_00555
contig_64	LCEDHOCC_00556
contig_64	LCEDHOCC_00557
contig_64	LCEDHOCC_00558
contig_64	LCEDHOCC_00559
contig_64	LCEDHOCC_00560
contig_64	LCEDHOCC_00561
contig_64	LCEDHOCC_00562
contig_64	LCEDHOCC_00563
contig_64	LCEDHOCC_00564
contig_64	LCEDHOCC_00565
contig_64	LCEDHOCC_00566
contig_64	LCEDHOCC_00567
contig_65	LCEDHOCC_00568
contig_65	LCEDHOCC_00569
contig_65	LCEDHOCC_00570
contig_65	LCEDHOCC_00571
contig_65	LCEDHOCC_00572
contig_65	LCEDHOCC_00573
contig_66	LCEDHOCC_00574
contig_66	LCEDHOCC_00575
contig_66	LCEDHOCC_00576
contig_66	LCEDHOCC_00577
contig_66	LCEDHOCC_00578
contig_66	LCEDHOCC_00579
contig_66	LCEDHOCC_00580
contig_66	LCEDHOCC_00581
contig_67	LCEDHOCC_00582
contig_67	LCEDHOCC_00583
contig_67	LCEDHOCC_00584
contig_67	LCEDHOCC_00585
contig_67	LCEDHOCC_00586
contig_67	LCEDHOCC_00587
contig_68	LCEDHOCC_00588
contig_68	LCEDHOCC_00589
contig_68	LCEDHOCC_00590
contig_68	LCEDHOCC_00591
contig_68	LCEDHOCC_00592
contig_68	LCEDHOCC_00593
contig_68	LCEDHOCC_00594
contig_69	LCEDHOCC_00595
contig_69	LCEDHOCC_00596
contig_69	LCEDHOCC_00597
contig_69	LCEDHOCC_00598
contig_70	LCEDHOCC_00599
contig_70	LCEDHOCC_00600
contig_70	LCEDHOCC_00601
contig_70	LCEDHOCC_00602
contig_70	LCEDHOCC_00603
contig_71	LCEDHOCC_00604
contig_71	LCEDHOCC_00605
contig_71	LCEDHOCC_00606
contig_71	LCEDHOCC_00607
contig_71	LCEDHOCC_00608
contig_71	LCEDHOCC_00609
contig_71	LCEDHOCC_00610
contig_72	LCEDHOCC_00611
contig_72	LCEDHOCC_00612
contig_72	LCEDHOCC_00613
contig_72	LCEDHOCC_00614
contig_72	LCEDHOCC_00615
contig_72	LCEDHOCC_00616
contig_73	LCEDHOCC_00617
contig_73	LCEDHOCC_00618
contig_73	LCEDHOCC_00619
contig_73	LCEDHOCC_00620
contig_73	LCEDHOCC_00621
contig_73	LCEDHOCC_00622
contig_73	LCEDHOCC_00623
contig_73	LCEDHOCC_00624
contig_73	LCEDHOCC_00625
contig_73	LCEDHOCC_00626
contig_74	LCEDHOCC_00627
contig_74	LCEDHOCC_00628
contig_74	LCEDHOCC_00629
contig_74	LCEDHOCC_00630
contig_74	LCEDHOCC_00631
contig_75	LCEDHOCC_00632
contig_75	LCEDHOCC_00633
contig_75	LCEDHOCC_00634
contig_76	LCEDHOCC_00635
contig_76	LCEDHOCC_00636
contig_76	LCEDHOCC_00637
contig_77	LCEDHOCC_00638
contig_77	LCEDHOCC_00639
contig_77	LCEDHOCC_00640
contig_77	LCEDHOCC_00641
contig_78	LCEDHOCC_00642
contig_78	LCEDHOCC_00643
contig_78	LCEDHOCC_00644
contig_78	LCEDHOCC_00645
contig_78	LCEDHOCC_00646
contig_79	LCEDHOCC_00648
contig_79	LCEDHOCC_00649
contig_79	LCEDHOCC_00650
contig_79	LCEDHOCC_00651
contig_79	LCEDHOCC_00652
contig_79	LCEDHOCC_00653
contig_79	LCEDHOCC_00654
contig_79	LCEDHOCC_00655
contig_80	LCEDHOCC_00656
contig_80	LCEDHOCC_00657
contig_80	LCEDHOCC_00658
contig_80	LCEDHOCC_00659
contig_81	LCEDHOCC_00660
contig_81	LCEDHOCC_00661
contig_81	LCEDHOCC_00662
contig_81	LCEDHOCC_00663
contig_81	LCEDHOCC_00664
contig_81	LCEDHOCC_00665
contig_81	LCEDHOCC_00666
contig_81	LCEDHOCC_00667
contig_82	LCEDHOCC_00668
contig_82	LCEDHOCC_00669
contig_82	LCEDHOCC_00670
contig_82	LCEDHOCC_00671
contig_82	LCEDHOCC_00672
contig_82	LCEDHOCC_00673
contig_82	LCEDHOCC_00674
contig_82	LCEDHOCC_00675
contig_83	LCEDHOCC_00676
contig_83	LCEDHOCC_00677
contig_83	LCEDHOCC_00678
contig_83	LCEDHOCC_00679
contig_84	LCEDHOCC_00680
contig_84	LCEDHOCC_00681
contig_84	LCEDHOCC_00682
contig_84	LCEDHOCC_00683
contig_85	LCEDHOCC_00684
contig_85	LCEDHOCC_00685
contig_85	LCEDHOCC_00686
contig_85	LCEDHOCC_00687
contig_85	LCEDHOCC_00688
contig_85	LCEDHOCC_00689
contig_86	LCEDHOCC_00690
contig_86	LCEDHOCC_00691
contig_87	LCEDHOCC_00692
contig_87	LCEDHOCC_00693
contig_87	LCEDHOCC_00694
contig_87	LCEDHOCC_00695
contig_87	LCEDHOCC_00696
contig_87	LCEDHOCC_00697
contig_87	LCEDHOCC_00698
contig_88	LCEDHOCC_00699
contig_88	LCEDHOCC_00700
contig_88	LCEDHOCC_00701
contig_88	LCEDHOCC_00702
contig_88	LCEDHOCC_00703
contig_88	LCEDHOCC_00704
contig_89	LCEDHOCC_00705
contig_89	LCEDHOCC_00706
contig_89	LCEDHOCC_00707
contig_89	LCEDHOCC_00709
contig_90	LCEDHOCC_00710
contig_90	LCEDHOCC_00711
contig_90	LCEDHOCC_00712
contig_90	LCEDHOCC_00713
contig_90	LCEDHOCC_00714
contig_91	LCEDHOCC_00715
contig_91	LCEDHOCC_00716
contig_91	LCEDHOCC_00717
contig_91	LCEDHOCC_00718
contig_92	LCEDHOCC_00719
contig_92	LCEDHOCC_00720
contig_92	LCEDHOCC_00721
contig_92	LCEDHOCC_00722
contig_92	LCEDHOCC_00723
contig_93	LCEDHOCC_00724
contig_93	LCEDHOCC_00725
contig_93	LCEDHOCC_00726
contig_94	LCEDHOCC_00727
contig_94	LCEDHOCC_00728
contig_94	LCEDHOCC_00729
contig_94	LCEDHOCC_00730
contig_94	LCEDHOCC_00731
contig_95	LCEDHOCC_00732
contig_95	LCEDHOCC_00733
contig_95	LCEDHOCC_00734
contig_95	LCEDHOCC_00735
contig_95	LCEDHOCC_00736
contig_96	LCEDHOCC_00737
contig_96	LCEDHOCC_00738
contig_96	LCEDHOCC_00739
contig_96	LCEDHOCC_00740
contig_96	LCEDHOCC_00741
contig_97	LCEDHOCC_00742
contig_97	LCEDHOCC_00743
contig_97	LCEDHOCC_00744
contig_97	LCEDHOCC_00745
contig_98	LCEDHOCC_00746
contig_98	LCEDHOCC_00747
contig_98	LCEDHOCC_00748
contig_98	LCEDHOCC_00749
contig_99	LCEDHOCC_00750
contig_99	LCEDHOCC_00751
contig_100	LCEDHOCC_00752
contig_100	LCEDHOCC_00753
contig_100	LCEDHOCC_00754
contig_100	LCEDHOCC_00757
contig_100	LCEDHOCC_00758
contig_101	LCEDHOCC_00759
contig_101	LCEDHOCC_00760
contig_101	LCEDHOCC_00761
contig_101	LCEDHOCC_00762
contig_101	LCEDHOCC_00763
contig_101	LCEDHOCC_00764
contig_101	LCEDHOCC_00765
contig_102	LCEDHOCC_00766
contig_102	LCEDHOCC_00767
contig_102	LCEDHOCC_00768
contig_102	LCEDHOCC_00769
contig_103	LCEDHOCC_00770
contig_103	LCEDHOCC_00771
contig_103	LCEDHOCC_00772
contig_103	LCEDHOCC_00773
contig_103	LCEDHOCC_00774
contig_103	LCEDHOCC_00775
contig_103	LCEDHOCC_00776
contig_104	LCEDHOCC_00777
contig_104	LCEDHOCC_00778
contig_104	LCEDHOCC_00779
contig_104	LCEDHOCC_00780
contig_105	LCEDHOCC_00781
contig_105	LCEDHOCC_00782
contig_105	LCEDHOCC_00783
contig_106	LCEDHOCC_00784
contig_106	LCEDHOCC_00785
contig_106	LCEDHOCC_00786
contig_106	LCEDHOCC_00787
contig_107	LCEDHOCC_00788
contig_107	LCEDHOCC_00789
contig_107	LCEDHOCC_00790
contig_107	LCEDHOCC_00792
contig_107	LCEDHOCC_00793
contig_108	LCEDHOCC_00794
contig_108	LCEDHOCC_00795
contig_108	LCEDHOCC_00796
contig_109	LCEDHOCC_00797
contig_109	LCEDHOCC_00798
contig_109	LCEDHOCC_00799
contig_109	LCEDHOCC_00800
contig_110	LCEDHOCC_00801
contig_110	LCEDHOCC_00802
contig_110	LCEDHOCC_00803
contig_110	LCEDHOCC_00804
contig_110	LCEDHOCC_00805
contig_110	LCEDHOCC_00806
contig_111	LCEDHOCC_00807
contig_111	LCEDHOCC_00808
contig_111	LCEDHOCC_00809
contig_111	LCEDHOCC_00810
contig_111	LCEDHOCC_00811
contig_111	LCEDHOCC_00812
contig_111	LCEDHOCC_00813
contig_111	LCEDHOCC_00814
contig_111	LCEDHOCC_00815
contig_112	LCEDHOCC_00816
contig_112	LCEDHOCC_00817
contig_112	LCEDHOCC_00818
contig_112	LCEDHOCC_00819
contig_112	LCEDHOCC_00820
contig_112	LCEDHOCC_00821
contig_112	LCEDHOCC_00822
contig_112	LCEDHOCC_00823
contig_113	LCEDHOCC_00824
contig_113	LCEDHOCC_00825
contig_113	LCEDHOCC_00826
contig_113	LCEDHOCC_00827
contig_114	LCEDHOCC_00828
contig_114	LCEDHOCC_00829
contig_114	LCEDHOCC_00830
contig_114	LCEDHOCC_00831
contig_115	LCEDHOCC_00832
contig_115	LCEDHOCC_00833
contig_115	LCEDHOCC_00834
contig_115	LCEDHOCC_00835
contig_116	LCEDHOCC_00836
contig_116	LCEDHOCC_00837
contig_116	LCEDHOCC_00838
contig_116	LCEDHOCC_00839
contig_117	LCEDHOCC_00840
contig_117	LCEDHOCC_00841
contig_117	LCEDHOCC_00842
contig_117	LCEDHOCC_00843
contig_117	LCEDHOCC_00844
contig_118	LCEDHOCC_00845
contig_118	LCEDHOCC_00846
contig_118	LCEDHOCC_00847
contig_118	LCEDHOCC_00848
contig_118	LCEDHOCC_00849
contig_119	LCEDHOCC_00850
contig_119	LCEDHOCC_00851
contig_119	LCEDHOCC_00852
contig_119	LCEDHOCC_00853
contig_120	LCEDHOCC_00854
contig_120	LCEDHOCC_00855
contig_120	LCEDHOCC_00856
contig_120	LCEDHOCC_00857
contig_120	LCEDHOCC_00858
contig_120	LCEDHOCC_00859
contig_120	LCEDHOCC_00860
contig_121	LCEDHOCC_00861
contig_121	LCEDHOCC_00862
contig_121	LCEDHOCC_00863
contig_121	LCEDHOCC_00864
contig_121	LCEDHOCC_00865
contig_121	LCEDHOCC_00866
contig_122	LCEDHOCC_00867
contig_122	LCEDHOCC_00868
contig_122	LCEDHOCC_00869
contig_122	LCEDHOCC_00870
contig_122	LCEDHOCC_00871
contig_123	LCEDHOCC_00872
contig_123	LCEDHOCC_00873
contig_123	LCEDHOCC_00874
contig_123	LCEDHOCC_00875
contig_124	LCEDHOCC_00876
contig_124	LCEDHOCC_00877
contig_124	LCEDHOCC_00878
contig_125	LCEDHOCC_00879
contig_125	LCEDHOCC_00880
contig_125	LCEDHOCC_00881
contig_125	LCEDHOCC_00882
contig_126	LCEDHOCC_00883
contig_126	LCEDHOCC_00884
contig_126	LCEDHOCC_00885
contig_127	LCEDHOCC_00886
contig_127	LCEDHOCC_00887
contig_127	LCEDHOCC_00888
contig_127	LCEDHOCC_00889
contig_128	LCEDHOCC_00891
contig_128	LCEDHOCC_00892
contig_128	LCEDHOCC_00893
contig_128	LCEDHOCC_00894
contig_129	LCEDHOCC_00895
contig_129	LCEDHOCC_00896
contig_129	LCEDHOCC_00897
contig_129	LCEDHOCC_00898
contig_130	LCEDHOCC_00899
contig_130	LCEDHOCC_00900
contig_130	LCEDHOCC_00901
contig_130	LCEDHOCC_00902
contig_130	LCEDHOCC_00903
contig_131	LCEDHOCC_00904
contig_131	LCEDHOCC_00905
contig_131	LCEDHOCC_00906
contig_132	LCEDHOCC_00907
contig_132	LCEDHOCC_00908
contig_133	LCEDHOCC_00909
contig_133	LCEDHOCC_00910
contig_133	LCEDHOCC_00911
contig_133	LCEDHOCC_00912
contig_133	LCEDHOCC_00913
contig_133	LCEDHOCC_00914
contig_133	LCEDHOCC_00915
contig_133	LCEDHOCC_00916
contig_134	LCEDHOCC_00917
contig_134	LCEDHOCC_00918
contig_134	LCEDHOCC_00919
contig_134	LCEDHOCC_00920
contig_134	LCEDHOCC_00921
contig_135	LCEDHOCC_00922
contig_135	LCEDHOCC_00923
contig_135	LCEDHOCC_00924
contig_135	LCEDHOCC_00925
contig_136	LCEDHOCC_00926
contig_136	LCEDHOCC_00927
contig_136	LCEDHOCC_00928
contig_136	LCEDHOCC_00929
contig_136	LCEDHOCC_00930
contig_137	LCEDHOCC_00931
contig_137	LCEDHOCC_00932
contig_137	LCEDHOCC_00933
contig_137	LCEDHOCC_00934
contig_137	LCEDHOCC_00935
contig_138	LCEDHOCC_00936
contig_138	LCEDHOCC_00937
contig_138	LCEDHOCC_00938
contig_138	LCEDHOCC_00939
contig_139	LCEDHOCC_00940
contig_139	LCEDHOCC_00941
contig_140	LCEDHOCC_00942
contig_140	LCEDHOCC_00943
contig_140	LCEDHOCC_00944
contig_141	LCEDHOCC_00945
contig_141	LCEDHOCC_00946
contig_141	LCEDHOCC_00947
contig_142	LCEDHOCC_00948
contig_142	LCEDHOCC_00949
contig_142	LCEDHOCC_00950
contig_142	LCEDHOCC_00951
contig_142	LCEDHOCC_00952
contig_143	LCEDHOCC_00953
contig_143	LCEDHOCC_00954
contig_143	LCEDHOCC_00955
contig_143	LCEDHOCC_00956
contig_144	LCEDHOCC_00957
contig_144	LCEDHOCC_00958
contig_144	LCEDHOCC_00959
contig_145	LCEDHOCC_00960
contig_145	LCEDHOCC_00961
contig_146	LCEDHOCC_00962
contig_146	LCEDHOCC_00963
contig_146	LCEDHOCC_00964
contig_146	LCEDHOCC_00965
contig_147	LCEDHOCC_00966
contig_147	LCEDHOCC_00967
contig_147	LCEDHOCC_00968
contig_147	LCEDHOCC_00969
contig_147	LCEDHOCC_00970
contig_148	LCEDHOCC_00971
contig_148	LCEDHOCC_00972
contig_148	LCEDHOCC_00973
contig_149	LCEDHOCC_00974
contig_149	LCEDHOCC_00975
contig_149	LCEDHOCC_00976
contig_149	LCEDHOCC_00977
contig_149	LCEDHOCC_00978
contig_150	LCEDHOCC_00979
contig_150	LCEDHOCC_00980
contig_150	LCEDHOCC_00981
contig_150	LCEDHOCC_00982
contig_151	LCEDHOCC_00983
contig_151	LCEDHOCC_00984
contig_151	LCEDHOCC_00985
contig_152	LCEDHOCC_00986
contig_152	LCEDHOCC_00987
contig_152	LCEDHOCC_00988
contig_152	LCEDHOCC_00989
contig_153	LCEDHOCC_00990
contig_153	LCEDHOCC_00991
contig_153	LCEDHOCC_00992
contig_153	LCEDHOCC_00993
contig_154	LCEDHOCC_00994
contig_154	LCEDHOCC_00995
contig_155	LCEDHOCC_00996
contig_155	LCEDHOCC_00997
contig_155	LCEDHOCC_00998
contig_156	LCEDHOCC_00999
contig_156	LCEDHOCC_01000
contig_156	LCEDHOCC_01001
contig_156	LCEDHOCC_01002
contig_156	LCEDHOCC_01003
contig_156	LCEDHOCC_01004
contig_156	LCEDHOCC_01005
contig_157	LCEDHOCC_01006
contig_157	LCEDHOCC_01007
contig_157	LCEDHOCC_01008
contig_157	LCEDHOCC_01009
contig_158	LCEDHOCC_01010
contig_158	LCEDHOCC_01011
contig_158	LCEDHOCC_01012
contig_159	LCEDHOCC_01013
contig_160	LCEDHOCC_01014
contig_160	LCEDHOCC_01015
contig_161	LCEDHOCC_01016
contig_161	LCEDHOCC_01017
contig_161	LCEDHOCC_01019
contig_162	LCEDHOCC_01020
contig_162	LCEDHOCC_01021
contig_162	LCEDHOCC_01022
contig_162	LCEDHOCC_01023
contig_162	LCEDHOCC_01024
contig_163	LCEDHOCC_01025
contig_163	LCEDHOCC_01026
contig_163	LCEDHOCC_01027
contig_164	LCEDHOCC_01028
contig_165	LCEDHOCC_01029
contig_165	LCEDHOCC_01030
contig_165	LCEDHOCC_01031
contig_165	LCEDHOCC_01032
contig_166	LCEDHOCC_01033
contig_166	LCEDHOCC_01034
contig_167	LCEDHOCC_01035
contig_167	LCEDHOCC_01036
contig_167	LCEDHOCC_01037
contig_167	LCEDHOCC_01038
contig_168	LCEDHOCC_01039
contig_168	LCEDHOCC_01040
contig_168	LCEDHOCC_01041
contig_169	LCEDHOCC_01042
contig_169	LCEDHOCC_01043
contig_171	LCEDHOCC_01048
contig_171	LCEDHOCC_01049
contig_171	LCEDHOCC_01050
contig_171	LCEDHOCC_01051
contig_172	LCEDHOCC_01052
contig_172	LCEDHOCC_01053
contig_172	LCEDHOCC_01054
contig_173	LCEDHOCC_01055
contig_173	LCEDHOCC_01056
contig_173	LCEDHOCC_01057
contig_173	LCEDHOCC_01058
contig_173	LCEDHOCC_01059
contig_174	LCEDHOCC_01060
contig_174	LCEDHOCC_01061
contig_174	LCEDHOCC_01062
contig_174	LCEDHOCC_01063
contig_175	LCEDHOCC_01064
contig_175	LCEDHOCC_01065
contig_175	LCEDHOCC_01066
contig_175	LCEDHOCC_01067
contig_175	LCEDHOCC_01068
contig_176	LCEDHOCC_01069
contig_176	LCEDHOCC_01070
contig_177	LCEDHOCC_01071
contig_177	LCEDHOCC_01072
contig_177	LCEDHOCC_01073
contig_177	LCEDHOCC_01074
contig_178	LCEDHOCC_01075
contig_178	LCEDHOCC_01076
contig_179	LCEDHOCC_01077
contig_179	LCEDHOCC_01078
contig_180	LCEDHOCC_01079
contig_180	LCEDHOCC_01080
contig_180	LCEDHOCC_01081
contig_180	LCEDHOCC_01082
contig_181	LCEDHOCC_01083
contig_181	LCEDHOCC_01084
contig_181	LCEDHOCC_01085
contig_181	LCEDHOCC_01086
contig_182	LCEDHOCC_01087
contig_182	LCEDHOCC_01088
contig_183	LCEDHOCC_01089
contig_183	LCEDHOCC_01090
contig_183	LCEDHOCC_01091
contig_184	LCEDHOCC_01094
contig_184	LCEDHOCC_01095
contig_184	LCEDHOCC_01096
contig_184	LCEDHOCC_01097
contig_185	LCEDHOCC_01098
contig_185	LCEDHOCC_01099
contig_185	LCEDHOCC_01100
contig_186	LCEDHOCC_01101
contig_186	LCEDHOCC_01102
contig_186	LCEDHOCC_01103
contig_186	LCEDHOCC_01104
contig_187	LCEDHOCC_01105
contig_188	LCEDHOCC_01106
contig_188	LCEDHOCC_01107
contig_188	LCEDHOCC_01108
contig_189	LCEDHOCC_01109
contig_189	LCEDHOCC_01110
contig_189	LCEDHOCC_01111
contig_190	LCEDHOCC_01112
contig_190	LCEDHOCC_01113
contig_190	LCEDHOCC_01114
contig_191	LCEDHOCC_01115
contig_191	LCEDHOCC_01116
contig_191	LCEDHOCC_01117
contig_191	LCEDHOCC_01118
contig_192	LCEDHOCC_01119
contig_192	LCEDHOCC_01120
contig_192	LCEDHOCC_01121
contig_193	LCEDHOCC_01122
contig_193	LCEDHOCC_01123
contig_193	LCEDHOCC_01124
contig_193	LCEDHOCC_01125
contig_194	LCEDHOCC_01126
contig_194	LCEDHOCC_01127
contig_194	LCEDHOCC_01128
contig_195	LCEDHOCC_01129
contig_195	LCEDHOCC_01130
contig_195	LCEDHOCC_01131
contig_195	LCEDHOCC_01132
contig_196	LCEDHOCC_01134
contig_196	LCEDHOCC_01135
contig_196	LCEDHOCC_01136
contig_197	LCEDHOCC_01137
contig_197	LCEDHOCC_01138
contig_197	LCEDHOCC_01139
contig_197	LCEDHOCC_01140
contig_198	LCEDHOCC_01141
contig_198	LCEDHOCC_01142
contig_198	LCEDHOCC_01143
contig_198	LCEDHOCC_01144
contig_199	LCEDHOCC_01145
contig_199	LCEDHOCC_01146
contig_199	LCEDHOCC_01147
contig_200	LCEDHOCC_01148
contig_200	LCEDHOCC_01149
contig_200	LCEDHOCC_01150
contig_200	LCEDHOCC_01151
contig_200	LCEDHOCC_01152
contig_201	LCEDHOCC_01153
contig_201	LCEDHOCC_01154
contig_202	LCEDHOCC_01155
contig_202	LCEDHOCC_01156
contig_203	LCEDHOCC_01157
contig_203	LCEDHOCC_01158
contig_203	LCEDHOCC_01159
contig_203	LCEDHOCC_01160
contig_203	LCEDHOCC_01161
contig_204	LCEDHOCC_01162
contig_204	LCEDHOCC_01163
contig_204	LCEDHOCC_01164
contig_204	LCEDHOCC_01165
contig_205	LCEDHOCC_01166
contig_205	LCEDHOCC_01167
contig_206	LCEDHOCC_01168
contig_206	LCEDHOCC_01169
contig_206	LCEDHOCC_01170
contig_207	LCEDHOCC_01171
contig_207	LCEDHOCC_01172
contig_207	LCEDHOCC_01173
contig_207	LCEDHOCC_01174
contig_208	LCEDHOCC_01175
contig_208	LCEDHOCC_01176
contig_208	LCEDHOCC_01177
contig_209	LCEDHOCC_01178
contig_209	LCEDHOCC_01179
contig_210	LCEDHOCC_01180
contig_210	LCEDHOCC_01181
contig_210	LCEDHOCC_01182
contig_211	LCEDHOCC_01183
contig_211	LCEDHOCC_01184
contig_211	LCEDHOCC_01185
contig_212	LCEDHOCC_01186
contig_212	LCEDHOCC_01187
contig_213	LCEDHOCC_01188
contig_213	LCEDHOCC_01189
contig_213	LCEDHOCC_01190
contig_214	LCEDHOCC_01191
contig_214	LCEDHOCC_01192
contig_214	LCEDHOCC_01193
contig_215	LCEDHOCC_01194
contig_215	LCEDHOCC_01195
contig_216	LCEDHOCC_01196
contig_216	LCEDHOCC_01197
contig_217	LCEDHOCC_01198
contig_217	LCEDHOCC_01199
contig_217	LCEDHOCC_01200
contig_218	LCEDHOCC_01201
contig_218	LCEDHOCC_01203
contig_218	LCEDHOCC_01204
contig_219	LCEDHOCC_01205
contig_219	LCEDHOCC_01206
contig_219	LCEDHOCC_01207
contig_220	LCEDHOCC_01208
contig_220	LCEDHOCC_01209
contig_221	LCEDHOCC_01210
contig_222	LCEDHOCC_01211
contig_222	LCEDHOCC_01212
contig_222	LCEDHOCC_01213
contig_223	LCEDHOCC_01214
contig_223	LCEDHOCC_01215
contig_223	LCEDHOCC_01216
contig_224	LCEDHOCC_01217
contig_224	LCEDHOCC_01218
contig_224	LCEDHOCC_01219
contig_225	LCEDHOCC_01220
contig_225	LCEDHOCC_01221
contig_225	LCEDHOCC_01222
contig_226	LCEDHOCC_01223
contig_226	LCEDHOCC_01224
contig_226	LCEDHOCC_01225
contig_226	LCEDHOCC_01226
contig_227	LCEDHOCC_01227
contig_227	LCEDHOCC_01228
contig_228	LCEDHOCC_01229
contig_228	LCEDHOCC_01230
contig_229	LCEDHOCC_01231
contig_230	LCEDHOCC_01232
contig_230	LCEDHOCC_01233
contig_230	LCEDHOCC_01234
contig_230	LCEDHOCC_01235
contig_230	LCEDHOCC_01236
contig_230	LCEDHOCC_01237
contig_231	LCEDHOCC_01238
contig_231	LCEDHOCC_01239
contig_231	LCEDHOCC_01240
contig_231	LCEDHOCC_01241
contig_231	LCEDHOCC_01242
contig_232	LCEDHOCC_01243
contig_232	LCEDHOCC_01244
contig_232	LCEDHOCC_01245
contig_233	LCEDHOCC_01246
contig_233	LCEDHOCC_01247
contig_233	LCEDHOCC_01248
contig_234	LCEDHOCC_01249
contig_234	LCEDHOCC_01250
contig_234	LCEDHOCC_01251
contig_234	LCEDHOCC_01252
contig_235	LCEDHOCC_01253
contig_235	LCEDHOCC_01254
contig_236	LCEDHOCC_01255
contig_236	LCEDHOCC_01256
contig_237	LCEDHOCC_01258
contig_237	LCEDHOCC_01259
contig_237	LCEDHOCC_01260
contig_238	LCEDHOCC_01261
contig_238	LCEDHOCC_01262
contig_239	LCEDHOCC_01263
contig_239	LCEDHOCC_01264
contig_239	LCEDHOCC_01265
contig_240	LCEDHOCC_01266
contig_240	LCEDHOCC_01267
contig_241	LCEDHOCC_01268
contig_241	LCEDHOCC_01269
contig_241	LCEDHOCC_01270
contig_241	LCEDHOCC_01271
contig_241	LCEDHOCC_01272
contig_242	LCEDHOCC_01273
contig_242	LCEDHOCC_01274
contig_242	LCEDHOCC_01275
contig_243	LCEDHOCC_01276
contig_243	LCEDHOCC_01277
contig_243	LCEDHOCC_01278
contig_244	LCEDHOCC_01279
contig_244	LCEDHOCC_01280
contig_245	LCEDHOCC_01281
contig_245	LCEDHOCC_01282
contig_245	LCEDHOCC_01283
contig_246	LCEDHOCC_01284
contig_246	LCEDHOCC_01285
contig_247	LCEDHOCC_01286
contig_247	LCEDHOCC_01287
contig_247	LCEDHOCC_01288
contig_247	LCEDHOCC_01289
contig_248	LCEDHOCC_01290
contig_248	LCEDHOCC_01291
contig_248	LCEDHOCC_01292
contig_249	LCEDHOCC_01293
contig_249	LCEDHOCC_01294
contig_249	LCEDHOCC_01295
contig_249	LCEDHOCC_01296
contig_249	LCEDHOCC_01297
contig_250	LCEDHOCC_01298
contig_250	LCEDHOCC_01299
contig_251	LCEDHOCC_01300
contig_251	LCEDHOCC_01301
contig_252	LCEDHOCC_01303
contig_252	LCEDHOCC_01304
contig_252	LCEDHOCC_01305
contig_252	LCEDHOCC_01306
contig_253	LCEDHOCC_01307
contig_253	LCEDHOCC_01308
contig_253	LCEDHOCC_01309
contig_254	LCEDHOCC_01310
contig_254	LCEDHOCC_01311
contig_254	LCEDHOCC_01312
contig_254	LCEDHOCC_01313
contig_255	LCEDHOCC_01314
contig_255	LCEDHOCC_01315
contig_256	LCEDHOCC_01316
contig_256	LCEDHOCC_01317
contig_256	LCEDHOCC_01318
contig_257	LCEDHOCC_01319
contig_257	LCEDHOCC_01320
contig_258	LCEDHOCC_01321
contig_258	LCEDHOCC_01322
contig_258	LCEDHOCC_01323
contig_259	LCEDHOCC_01324
contig_259	LCEDHOCC_01325
contig_260	LCEDHOCC_01326
contig_260	LCEDHOCC_01327
contig_261	LCEDHOCC_01328
contig_262	LCEDHOCC_01329
contig_262	LCEDHOCC_01330
contig_262	LCEDHOCC_01331
contig_263	LCEDHOCC_01333
contig_263	LCEDHOCC_01334
contig_263	LCEDHOCC_01335
contig_263	LCEDHOCC_01336
contig_263	LCEDHOCC_01337
contig_264	LCEDHOCC_01338
contig_264	LCEDHOCC_01339
contig_265	LCEDHOCC_01340
contig_265	LCEDHOCC_01341
contig_266	LCEDHOCC_01342
contig_266	LCEDHOCC_01343
contig_266	LCEDHOCC_01344
contig_267	LCEDHOCC_01345
contig_268	LCEDHOCC_01346
contig_268	LCEDHOCC_01347
contig_268	LCEDHOCC_01348
contig_268	LCEDHOCC_01349
contig_269	LCEDHOCC_01350
contig_269	LCEDHOCC_01351
contig_269	LCEDHOCC_01352
contig_270	LCEDHOCC_01353
contig_270	LCEDHOCC_01354
contig_270	LCEDHOCC_01355
contig_270	LCEDHOCC_01356
contig_271	LCEDHOCC_01357
contig_271	LCEDHOCC_01358
contig_271	LCEDHOCC_01359
contig_271	LCEDHOCC_01360
contig_272	LCEDHOCC_01361
contig_272	LCEDHOCC_01362
contig_272	LCEDHOCC_01363
contig_272	LCEDHOCC_01364
contig_272	LCEDHOCC_01365
contig_273	LCEDHOCC_01366
contig_273	LCEDHOCC_01367
contig_273	LCEDHOCC_01368
contig_273	LCEDHOCC_01369
contig_274	LCEDHOCC_01370
contig_274	LCEDHOCC_01371
contig_275	LCEDHOCC_01372
contig_275	LCEDHOCC_01373
contig_275	LCEDHOCC_01374
contig_276	LCEDHOCC_01375
contig_276	LCEDHOCC_01376
contig_276	LCEDHOCC_01377
contig_277	LCEDHOCC_01378
contig_277	LCEDHOCC_01379
contig_277	LCEDHOCC_01380
contig_278	LCEDHOCC_01381
contig_278	LCEDHOCC_01382
contig_278	LCEDHOCC_01383
contig_279	LCEDHOCC_01384
contig_279	LCEDHOCC_01385
contig_279	LCEDHOCC_01386
contig_280	LCEDHOCC_01387
contig_280	LCEDHOCC_01388
contig_281	LCEDHOCC_01389
contig_281	LCEDHOCC_01390
contig_281	LCEDHOCC_01391
contig_282	LCEDHOCC_01392
contig_283	LCEDHOCC_01393
contig_283	LCEDHOCC_01394
contig_284	LCEDHOCC_01395
contig_284	LCEDHOCC_01396
contig_284	LCEDHOCC_01397
contig_284	LCEDHOCC_01398
contig_285	LCEDHOCC_01399
contig_285	LCEDHOCC_01400
contig_285	LCEDHOCC_01401
contig_285	LCEDHOCC_01402
contig_286	LCEDHOCC_01403
contig_286	LCEDHOCC_01404
contig_287	LCEDHOCC_01405
contig_287	LCEDHOCC_01406
contig_287	LCEDHOCC_01407
contig_288	LCEDHOCC_01408
contig_288	LCEDHOCC_01409
contig_289	LCEDHOCC_01410
contig_289	LCEDHOCC_01411
contig_289	LCEDHOCC_01412
contig_289	LCEDHOCC_01413
contig_290	LCEDHOCC_01414
contig_290	LCEDHOCC_01415
contig_290	LCEDHOCC_01416
contig_290	LCEDHOCC_01417
contig_290	LCEDHOCC_01418
contig_291	LCEDHOCC_01419
contig_292	LCEDHOCC_01420
contig_292	LCEDHOCC_01421
contig_293	LCEDHOCC_01422
contig_293	LCEDHOCC_01423
contig_294	LCEDHOCC_01424
contig_294	LCEDHOCC_01425
contig_294	LCEDHOCC_01426
contig_295	LCEDHOCC_01427
contig_296	LCEDHOCC_01428
contig_296	LCEDHOCC_01429
contig_297	LCEDHOCC_01430
contig_297	LCEDHOCC_01431
contig_297	LCEDHOCC_01432
contig_298	LCEDHOCC_01433
contig_298	LCEDHOCC_01434
contig_299	LCEDHOCC_01435
contig_299	LCEDHOCC_01436
contig_299	LCEDHOCC_01437
contig_299	LCEDHOCC_01438
contig_300	LCEDHOCC_01439
contig_300	LCEDHOCC_01440
contig_301	LCEDHOCC_01441
contig_301	LCEDHOCC_01442
contig_302	LCEDHOCC_01443
contig_302	LCEDHOCC_01444
contig_303	LCEDHOCC_01445
contig_304	LCEDHOCC_01446
contig_304	LCEDHOCC_01447
contig_304	LCEDHOCC_01448
contig_304	LCEDHOCC_01449
contig_305	LCEDHOCC_01450
contig_306	LCEDHOCC_01451
contig_306	LCEDHOCC_01452
contig_306	LCEDHOCC_01453
contig_307	LCEDHOCC_01454
contig_307	LCEDHOCC_01455
contig_308	LCEDHOCC_01456
contig_309	LCEDHOCC_01457
contig_309	LCEDHOCC_01458
contig_310	LCEDHOCC_01459
contig_310	LCEDHOCC_01460
contig_310	LCEDHOCC_01461
contig_310	LCEDHOCC_01462
contig_311	LCEDHOCC_01463
contig_311	LCEDHOCC_01464
contig_312	LCEDHOCC_01465
contig_312	LCEDHOCC_01466
contig_312	LCEDHOCC_01467
contig_313	LCEDHOCC_01468
contig_313	LCEDHOCC_01469
contig_314	LCEDHOCC_01470
contig_314	LCEDHOCC_01471
contig_315	LCEDHOCC_01472
contig_316	LCEDHOCC_01473
contig_317	LCEDHOCC_01474
contig_317	LCEDHOCC_01475
contig_317	LCEDHOCC_01476
contig_318	LCEDHOCC_01477
contig_318	LCEDHOCC_01478
contig_318	LCEDHOCC_01479
contig_318	LCEDHOCC_01480
contig_319	LCEDHOCC_01481
contig_319	LCEDHOCC_01482
contig_319	LCEDHOCC_01483
contig_320	LCEDHOCC_01484
contig_320	LCEDHOCC_01485
contig_320	LCEDHOCC_01486
contig_321	LCEDHOCC_01487
contig_322	LCEDHOCC_01488
contig_322	LCEDHOCC_01489
contig_324	LCEDHOCC_01491
contig_324	LCEDHOCC_01492
contig_325	LCEDHOCC_01493
contig_326	LCEDHOCC_01494
contig_326	LCEDHOCC_01495
contig_326	LCEDHOCC_01496
contig_327	LCEDHOCC_01497
contig_327	LCEDHOCC_01498
contig_327	LCEDHOCC_01499
contig_328	LCEDHOCC_01500
contig_328	LCEDHOCC_01501
contig_328	LCEDHOCC_01502
contig_329	LCEDHOCC_01503
contig_329	LCEDHOCC_01504
contig_330	LCEDHOCC_01505
contig_331	LCEDHOCC_01506
contig_332	LCEDHOCC_01508
contig_332	LCEDHOCC_01509
contig_333	LCEDHOCC_01510
contig_334	LCEDHOCC_01511
contig_335	LCEDHOCC_01512
contig_335	LCEDHOCC_01513
contig_335	LCEDHOCC_01514
contig_335	LCEDHOCC_01515
contig_336	LCEDHOCC_01516
contig_336	LCEDHOCC_01517
contig_337	LCEDHOCC_01518
contig_337	LCEDHOCC_01519
contig_338	LCEDHOCC_01520
contig_338	LCEDHOCC_01521
contig_339	LCEDHOCC_01522
contig_340	LCEDHOCC_01523
contig_340	LCEDHOCC_01524
contig_341	LCEDHOCC_01525
contig_341	LCEDHOCC_01526
contig_341	LCEDHOCC_01527
contig_342	LCEDHOCC_01528
contig_342	LCEDHOCC_01529
contig_343	LCEDHOCC_01530
contig_344	LCEDHOCC_01531
contig_344	LCEDHOCC_01532
contig_345	LCEDHOCC_01533
contig_345	LCEDHOCC_01534
contig_346	LCEDHOCC_01535
contig_346	LCEDHOCC_01536
contig_346	LCEDHOCC_01537
contig_347	LCEDHOCC_01538
contig_347	LCEDHOCC_01539
contig_347	LCEDHOCC_01540
contig_348	LCEDHOCC_01541
contig_348	LCEDHOCC_01542
contig_348	LCEDHOCC_01543
contig_349	LCEDHOCC_01544
contig_349	LCEDHOCC_01545
contig_350	LCEDHOCC_01546
contig_350	LCEDHOCC_01547
contig_351	LCEDHOCC_01548
contig_351	LCEDHOCC_01549
contig_352	LCEDHOCC_01550
contig_352	LCEDHOCC_01551
contig_353	LCEDHOCC_01552
contig_353	LCEDHOCC_01553
contig_354	LCEDHOCC_01554
contig_354	LCEDHOCC_01555
contig_354	LCEDHOCC_01556
contig_355	LCEDHOCC_01557
contig_355	LCEDHOCC_01558
contig_355	LCEDHOCC_01559
contig_356	LCEDHOCC_01560
contig_357	LCEDHOCC_01561
contig_357	LCEDHOCC_01562
contig_358	LCEDHOCC_01563
contig_358	LCEDHOCC_01564
contig_359	LCEDHOCC_01565
contig_360	LCEDHOCC_01566
contig_360	LCEDHOCC_01567
contig_361	LCEDHOCC_01568
contig_361	LCEDHOCC_01569
contig_361	LCEDHOCC_01570
contig_362	LCEDHOCC_01571
contig_362	LCEDHOCC_01572
contig_362	LCEDHOCC_01573
contig_363	LCEDHOCC_01574
contig_363	LCEDHOCC_01575
contig_363	LCEDHOCC_01576
contig_364	LCEDHOCC_01577
contig_364	LCEDHOCC_01578
contig_364	LCEDHOCC_01579
contig_365	LCEDHOCC_01580
contig_365	LCEDHOCC_01581
contig_365	LCEDHOCC_01582
contig_366	LCEDHOCC_01583
contig_366	LCEDHOCC_01584
contig_367	LCEDHOCC_01585
contig_367	LCEDHOCC_01586
contig_368	LCEDHOCC_01587
contig_368	LCEDHOCC_01588
contig_369	LCEDHOCC_01589
contig_370	LCEDHOCC_01590
contig_370	LCEDHOCC_01591
contig_371	LCEDHOCC_01592
contig_371	LCEDHOCC_01593
contig_372	LCEDHOCC_01594
contig_372	LCEDHOCC_01595
contig_372	LCEDHOCC_01596
contig_373	LCEDHOCC_01597
contig_373	LCEDHOCC_01598
contig_374	LCEDHOCC_01599
contig_374	LCEDHOCC_01600
contig_375	LCEDHOCC_01601
contig_375	LCEDHOCC_01602
contig_376	LCEDHOCC_01603
contig_376	LCEDHOCC_01605
contig_377	LCEDHOCC_01606
contig_377	LCEDHOCC_01607
contig_378	LCEDHOCC_01608
contig_379	LCEDHOCC_01609
contig_379	LCEDHOCC_01610
contig_380	LCEDHOCC_01611
contig_380	LCEDHOCC_01612
contig_381	LCEDHOCC_01613
contig_381	LCEDHOCC_01614
contig_381	LCEDHOCC_01615
contig_382	LCEDHOCC_01616
contig_382	LCEDHOCC_01617
contig_383	LCEDHOCC_01618
contig_384	LCEDHOCC_01619
contig_384	LCEDHOCC_01620
contig_385	LCEDHOCC_01621
contig_385	LCEDHOCC_01622
contig_386	LCEDHOCC_01623
contig_386	LCEDHOCC_01624
contig_386	LCEDHOCC_01625
contig_387	LCEDHOCC_01626
contig_388	LCEDHOCC_01627
contig_388	LCEDHOCC_01628
contig_389	LCEDHOCC_01629
contig_389	LCEDHOCC_01630
contig_390	LCEDHOCC_01631
contig_392	LCEDHOCC_01632
contig_392	LCEDHOCC_01633
contig_393	LCEDHOCC_01634
contig_393	LCEDHOCC_01635
contig_394	LCEDHOCC_01636
contig_394	LCEDHOCC_01637
contig_395	LCEDHOCC_01638
contig_395	LCEDHOCC_01639
contig_395	LCEDHOCC_01640
contig_396	LCEDHOCC_01641
contig_396	LCEDHOCC_01642
contig_397	LCEDHOCC_01643
contig_398	LCEDHOCC_01644
contig_398	LCEDHOCC_01645
contig_398	LCEDHOCC_01646
contig_399	LCEDHOCC_01647
contig_399	LCEDHOCC_01648
contig_399	LCEDHOCC_01649
contig_399	LCEDHOCC_01650
contig_399	LCEDHOCC_01651
contig_400	LCEDHOCC_01652
contig_401	LCEDHOCC_01653
contig_402	LCEDHOCC_01654
contig_402	LCEDHOCC_01655
contig_403	LCEDHOCC_01656
contig_403	LCEDHOCC_01657
contig_404	LCEDHOCC_01658
contig_404	LCEDHOCC_01659
contig_405	LCEDHOCC_01660
contig_405	LCEDHOCC_01661
contig_406	LCEDHOCC_01662
contig_407	LCEDHOCC_01663
contig_407	LCEDHOCC_01664
contig_407	LCEDHOCC_01665
contig_408	LCEDHOCC_01666
contig_408	LCEDHOCC_01667
contig_408	LCEDHOCC_01668
contig_409	LCEDHOCC_01669
contig_410	LCEDHOCC_01670
contig_411	LCEDHOCC_01671
contig_411	LCEDHOCC_01672
contig_412	LCEDHOCC_01673
contig_413	LCEDHOCC_01674
contig_413	LCEDHOCC_01675
contig_413	LCEDHOCC_01676
contig_414	LCEDHOCC_01677
contig_415	LCEDHOCC_01678
contig_415	LCEDHOCC_01679
contig_415	LCEDHOCC_01680
contig_416	LCEDHOCC_01681
contig_417	LCEDHOCC_01682
contig_417	LCEDHOCC_01683
contig_418	LCEDHOCC_01684
contig_418	LCEDHOCC_01685
contig_419	LCEDHOCC_01686
contig_419	LCEDHOCC_01687
contig_419	LCEDHOCC_01688
contig_420	LCEDHOCC_01689
contig_420	LCEDHOCC_01690
contig_421	LCEDHOCC_01691
contig_422	LCEDHOCC_01692
contig_422	LCEDHOCC_01693
contig_423	LCEDHOCC_01694
contig_424	LCEDHOCC_01695
contig_425	LCEDHOCC_01696
contig_426	LCEDHOCC_01697
contig_426	LCEDHOCC_01698
contig_426	LCEDHOCC_01699
contig_427	LCEDHOCC_01700
contig_428	LCEDHOCC_01701
contig_428	LCEDHOCC_01702
contig_429	LCEDHOCC_01703
contig_430	LCEDHOCC_01704
contig_430	LCEDHOCC_01705
contig_431	LCEDHOCC_01706
contig_431	LCEDHOCC_01707
contig_432	LCEDHOCC_01708
contig_432	LCEDHOCC_01709
contig_432	LCEDHOCC_01710
contig_433	LCEDHOCC_01711
contig_434	LCEDHOCC_01712
contig_435	LCEDHOCC_01713
contig_435	LCEDHOCC_01714
contig_436	LCEDHOCC_01715
contig_436	LCEDHOCC_01716
contig_437	LCEDHOCC_01717
contig_437	LCEDHOCC_01718
contig_438	LCEDHOCC_01719
contig_438	LCEDHOCC_01720
contig_439	LCEDHOCC_01721
contig_440	LCEDHOCC_01722
contig_440	LCEDHOCC_01723
contig_441	LCEDHOCC_01724
contig_441	LCEDHOCC_01725
contig_442	LCEDHOCC_01726
contig_442	LCEDHOCC_01727
contig_443	LCEDHOCC_01728
contig_443	LCEDHOCC_01729
contig_444	LCEDHOCC_01730
contig_445	LCEDHOCC_01731
contig_445	LCEDHOCC_01732
contig_445	LCEDHOCC_01733
contig_446	LCEDHOCC_01734
contig_446	LCEDHOCC_01735
contig_447	LCEDHOCC_01736
contig_447	LCEDHOCC_01737
contig_448	LCEDHOCC_01738
contig_449	LCEDHOCC_01739
contig_450	LCEDHOCC_01740
contig_450	LCEDHOCC_01741
contig_450	LCEDHOCC_01742
contig_451	LCEDHOCC_01743
contig_452	LCEDHOCC_01744
contig_453	LCEDHOCC_01746
contig_454	LCEDHOCC_01747
contig_455	LCEDHOCC_01748
contig_455	LCEDHOCC_01749
contig_456	LCEDHOCC_01750
contig_456	LCEDHOCC_01751
contig_457	LCEDHOCC_01752
contig_457	LCEDHOCC_01753
contig_457	LCEDHOCC_01754
contig_458	LCEDHOCC_01755
contig_459	LCEDHOCC_01756
contig_459	LCEDHOCC_01757
contig_460	LCEDHOCC_01758
contig_461	LCEDHOCC_01759
contig_462	LCEDHOCC_01760
contig_462	LCEDHOCC_01761
contig_463	LCEDHOCC_01762
contig_463	LCEDHOCC_01763
contig_464	LCEDHOCC_01764
contig_467	LCEDHOCC_01765
contig_467	LCEDHOCC_01766
contig_467	LCEDHOCC_01767
contig_468	LCEDHOCC_01768
contig_468	LCEDHOCC_01769
contig_468	LCEDHOCC_01770
contig_468	LCEDHOCC_01771
contig_469	LCEDHOCC_01772
contig_469	LCEDHOCC_01773
contig_470	LCEDHOCC_01774
contig_470	LCEDHOCC_01775
contig_471	LCEDHOCC_01776
contig_471	LCEDHOCC_01777
contig_471	LCEDHOCC_01778
contig_472	LCEDHOCC_01779
contig_472	LCEDHOCC_01780
contig_473	LCEDHOCC_01781
contig_473	LCEDHOCC_01782
contig_473	LCEDHOCC_01783
contig_474	LCEDHOCC_01784
contig_474	LCEDHOCC_01785
contig_475	LCEDHOCC_01786
contig_475	LCEDHOCC_01787
contig_476	LCEDHOCC_01788
contig_477	LCEDHOCC_01789
contig_478	LCEDHOCC_01790
contig_478	LCEDHOCC_01791
contig_479	LCEDHOCC_01792
contig_479	LCEDHOCC_01793
contig_480	LCEDHOCC_01794
contig_481	LCEDHOCC_01795
contig_481	LCEDHOCC_01796
contig_482	LCEDHOCC_01797
contig_482	LCEDHOCC_01798
contig_483	LCEDHOCC_01799
contig_483	LCEDHOCC_01800
contig_483	LCEDHOCC_01801
contig_483	LCEDHOCC_01802
contig_484	LCEDHOCC_01803
contig_484	LCEDHOCC_01804
contig_485	LCEDHOCC_01805
contig_486	LCEDHOCC_01806
contig_486	LCEDHOCC_01807
contig_487	LCEDHOCC_01808
contig_488	LCEDHOCC_01809
contig_489	LCEDHOCC_01810
contig_490	LCEDHOCC_01811
contig_490	LCEDHOCC_01812
contig_490	LCEDHOCC_01813
contig_491	LCEDHOCC_01814
contig_491	LCEDHOCC_01815
contig_492	LCEDHOCC_01816
contig_493	LCEDHOCC_01817
contig_494	LCEDHOCC_01818
contig_495	LCEDHOCC_01819
contig_495	LCEDHOCC_01820
contig_496	LCEDHOCC_01821
contig_497	LCEDHOCC_01822
contig_498	LCEDHOCC_01823
contig_498	LCEDHOCC_01824
contig_499	LCEDHOCC_01825
contig_500	LCEDHOCC_01826
contig_500	LCEDHOCC_01827
contig_501	LCEDHOCC_01828
contig_501	LCEDHOCC_01829
contig_503	LCEDHOCC_01830
contig_504	LCEDHOCC_01831
contig_504	LCEDHOCC_01832
contig_505	LCEDHOCC_01833
contig_506	LCEDHOCC_01834
contig_507	LCEDHOCC_01835
contig_507	LCEDHOCC_01836
contig_508	LCEDHOCC_01837
contig_508	LCEDHOCC_01838
contig_508	LCEDHOCC_01839
contig_509	LCEDHOCC_01840
contig_509	LCEDHOCC_01841
contig_510	LCEDHOCC_01842
contig_510	LCEDHOCC_01843
contig_511	LCEDHOCC_01844
contig_511	LCEDHOCC_01845
contig_513	LCEDHOCC_01846
contig_513	LCEDHOCC_01847
contig_514	LCEDHOCC_01848
contig_514	LCEDHOCC_01849
contig_515	LCEDHOCC_01850
contig_517	LCEDHOCC_01851
contig_518	LCEDHOCC_01852
contig_518	LCEDHOCC_01853
contig_519	LCEDHOCC_01854
contig_520	LCEDHOCC_01855
contig_520	LCEDHOCC_01856
contig_521	LCEDHOCC_01857
contig_521	LCEDHOCC_01858
contig_522	LCEDHOCC_01859
contig_522	LCEDHOCC_01860
contig_523	LCEDHOCC_01861
contig_524	LCEDHOCC_01862
contig_525	LCEDHOCC_01863
contig_525	LCEDHOCC_01864
contig_526	LCEDHOCC_01865
contig_526	LCEDHOCC_01866
contig_527	LCEDHOCC_01867
contig_528	LCEDHOCC_01868
contig_528	LCEDHOCC_01869
contig_528	LCEDHOCC_01870
contig_529	LCEDHOCC_01871
contig_529	LCEDHOCC_01872
contig_530	LCEDHOCC_01873
contig_531	LCEDHOCC_01874
contig_531	LCEDHOCC_01875
contig_532	LCEDHOCC_01876
contig_533	LCEDHOCC_01877
contig_534	LCEDHOCC_01878
contig_535	LCEDHOCC_01879
contig_536	LCEDHOCC_01880
contig_537	LCEDHOCC_01881
contig_538	LCEDHOCC_01882
contig_538	LCEDHOCC_01883
contig_539	LCEDHOCC_01884
contig_540	LCEDHOCC_01885
contig_540	LCEDHOCC_01886
contig_541	LCEDHOCC_01887
contig_541	LCEDHOCC_01888
contig_543	LCEDHOCC_01889
contig_543	LCEDHOCC_01890
contig_544	LCEDHOCC_01891
contig_544	LCEDHOCC_01892
contig_545	LCEDHOCC_01893
contig_545	LCEDHOCC_01894
contig_545	LCEDHOCC_01895
contig_546	LCEDHOCC_01896
contig_546	LCEDHOCC_01897
contig_546	LCEDHOCC_01898
contig_547	LCEDHOCC_01899
contig_547	LCEDHOCC_01900
contig_547	LCEDHOCC_01901
contig_548	LCEDHOCC_01902
contig_548	LCEDHOCC_01903
contig_549	LCEDHOCC_01904
contig_550	LCEDHOCC_01905
contig_551	LCEDHOCC_01906
contig_551	LCEDHOCC_01907
contig_552	LCEDHOCC_01908
contig_552	LCEDHOCC_01909
contig_553	LCEDHOCC_01910
contig_554	LCEDHOCC_01911
contig_555	LCEDHOCC_01912
contig_555	LCEDHOCC_01913
contig_556	LCEDHOCC_01914
contig_557	LCEDHOCC_01915
contig_558	LCEDHOCC_01916
contig_559	LCEDHOCC_01917
contig_560	LCEDHOCC_01918
contig_560	LCEDHOCC_01919
contig_560	LCEDHOCC_01920
contig_561	LCEDHOCC_01921
contig_561	LCEDHOCC_01922
contig_562	LCEDHOCC_01924
contig_563	LCEDHOCC_01925
contig_563	LCEDHOCC_01926
contig_564	LCEDHOCC_01927
contig_564	LCEDHOCC_01928
contig_565	LCEDHOCC_01929
contig_566	LCEDHOCC_01930
contig_567	LCEDHOCC_01931
contig_567	LCEDHOCC_01932
contig_568	LCEDHOCC_01933
contig_569	LCEDHOCC_01934
contig_570	LCEDHOCC_01935
contig_570	LCEDHOCC_01936
contig_571	LCEDHOCC_01937
contig_572	LCEDHOCC_01938
contig_573	LCEDHOCC_01939
contig_574	LCEDHOCC_01940
contig_574	LCEDHOCC_01941
contig_575	LCEDHOCC_01942
contig_576	LCEDHOCC_01943
contig_576	LCEDHOCC_01944
contig_576	LCEDHOCC_01945
contig_577	LCEDHOCC_01946
contig_577	LCEDHOCC_01947
contig_578	LCEDHOCC_01948
contig_578	LCEDHOCC_01949
contig_578	LCEDHOCC_01950
contig_580	LCEDHOCC_01951
contig_581	LCEDHOCC_01952
contig_581	LCEDHOCC_01953
contig_581	LCEDHOCC_01954
contig_582	LCEDHOCC_01955
contig_583	LCEDHOCC_01956
contig_584	LCEDHOCC_01957
contig_585	LCEDHOCC_01958
contig_585	LCEDHOCC_01959
contig_586	LCEDHOCC_01960
contig_587	LCEDHOCC_01961
contig_587	LCEDHOCC_01962
contig_588	LCEDHOCC_01963
contig_589	LCEDHOCC_01964
contig_589	LCEDHOCC_01965
contig_589	LCEDHOCC_01966
contig_590	LCEDHOCC_01967
contig_591	LCEDHOCC_01968
contig_592	LCEDHOCC_01969
contig_593	LCEDHOCC_01970
contig_593	LCEDHOCC_01971
contig_594	LCEDHOCC_01972
contig_595	LCEDHOCC_01973
contig_596	LCEDHOCC_01974
contig_597	LCEDHOCC_01975
contig_597	LCEDHOCC_01976
contig_599	LCEDHOCC_01978
contig_600	LCEDHOCC_01979
contig_600	LCEDHOCC_01980
contig_601	LCEDHOCC_01981
contig_602	LCEDHOCC_01982
contig_603	LCEDHOCC_01983
contig_604	LCEDHOCC_01984
contig_605	LCEDHOCC_01985
contig_606	LCEDHOCC_01986
contig_607	LCEDHOCC_01987
contig_608	LCEDHOCC_01988
contig_609	LCEDHOCC_01989
contig_610	LCEDHOCC_01990
contig_610	LCEDHOCC_01991
contig_610	LCEDHOCC_01992
contig_611	LCEDHOCC_01993
contig_612	LCEDHOCC_01994
contig_612	LCEDHOCC_01995
contig_614	LCEDHOCC_01996
contig_615	LCEDHOCC_01997
contig_615	LCEDHOCC_01998
contig_616	LCEDHOCC_01999
contig_617	LCEDHOCC_02000
contig_618	LCEDHOCC_02001
contig_618	LCEDHOCC_02002
contig_619	LCEDHOCC_02003
contig_619	LCEDHOCC_02004
contig_620	LCEDHOCC_02005
contig_621	LCEDHOCC_02006
contig_622	LCEDHOCC_02007
contig_622	LCEDHOCC_02008
contig_623	LCEDHOCC_02009
contig_624	LCEDHOCC_02013
contig_625	LCEDHOCC_02014
contig_626	LCEDHOCC_02015
contig_627	LCEDHOCC_02016
contig_627	LCEDHOCC_02017
contig_628	LCEDHOCC_02018
contig_628	LCEDHOCC_02019
contig_629	LCEDHOCC_02020
contig_630	LCEDHOCC_02021
contig_630	LCEDHOCC_02022
contig_631	LCEDHOCC_02023
contig_632	LCEDHOCC_02027
contig_633	LCEDHOCC_02028
contig_634	LCEDHOCC_02029
contig_634	LCEDHOCC_02030
contig_635	LCEDHOCC_02031
contig_635	LCEDHOCC_02032
contig_635	LCEDHOCC_02033
contig_636	LCEDHOCC_02034
contig_636	LCEDHOCC_02035
contig_637	LCEDHOCC_02036
contig_637	LCEDHOCC_02037
contig_638	LCEDHOCC_02038
contig_639	LCEDHOCC_02039
contig_639	LCEDHOCC_02040
contig_640	LCEDHOCC_02041
contig_641	LCEDHOCC_02042
contig_641	LCEDHOCC_02043
contig_642	LCEDHOCC_02044
contig_643	LCEDHOCC_02045
contig_643	LCEDHOCC_02046
contig_644	LCEDHOCC_02047
contig_644	LCEDHOCC_02048
contig_645	LCEDHOCC_02049
contig_647	LCEDHOCC_02050
contig_647	LCEDHOCC_02051
contig_648	LCEDHOCC_02052
contig_648	LCEDHOCC_02053
contig_649	LCEDHOCC_02054
contig_650	LCEDHOCC_02055
contig_650	LCEDHOCC_02056
contig_651	LCEDHOCC_02057
contig_652	LCEDHOCC_02058
contig_652	LCEDHOCC_02059
contig_653	LCEDHOCC_02060
contig_654	LCEDHOCC_02061
contig_655	LCEDHOCC_02062
contig_656	LCEDHOCC_02063
contig_657	LCEDHOCC_02064
contig_657	LCEDHOCC_02065
contig_658	LCEDHOCC_02066
contig_658	LCEDHOCC_02067
contig_659	LCEDHOCC_02068
contig_659	LCEDHOCC_02069
contig_660	LCEDHOCC_02070
contig_661	LCEDHOCC_02071
contig_663	LCEDHOCC_02072
contig_664	LCEDHOCC_02073
contig_665	LCEDHOCC_02074
contig_665	LCEDHOCC_02075
contig_666	LCEDHOCC_02076
contig_666	LCEDHOCC_02077
contig_667	LCEDHOCC_02078
contig_667	LCEDHOCC_02079
contig_669	LCEDHOCC_02080
contig_670	LCEDHOCC_02081
contig_670	LCEDHOCC_02082
contig_671	LCEDHOCC_02083
contig_671	LCEDHOCC_02084
contig_672	LCEDHOCC_02085
contig_673	LCEDHOCC_02086
contig_674	LCEDHOCC_02087
contig_675	LCEDHOCC_02088
contig_676	LCEDHOCC_02089
contig_676	LCEDHOCC_02090
contig_677	LCEDHOCC_02091
contig_677	LCEDHOCC_02092
contig_678	LCEDHOCC_02093
contig_678	LCEDHOCC_02094
contig_679	LCEDHOCC_02095
contig_679	LCEDHOCC_02096
contig_680	LCEDHOCC_02097
contig_681	LCEDHOCC_02098
contig_682	LCEDHOCC_02099
contig_682	LCEDHOCC_02100
contig_683	LCEDHOCC_02101
contig_684	LCEDHOCC_02102
